{
  "project_info": {
    "project_number": "859309076810",
    "project_id": "medicontrol-8c68a",
    "storage_bucket": "medicontrol-8c68a.firebasestorage.app"
  },
  "client": [
    {
      "client_info": {
        "mobilesdk_app_id": "1:859309076810:android:4f4597b5b29e37591111b3",
        "android_client_info": {
          "package_name": "com.example.medicontrol"
        }
      },
      "oauth_client": [],
      "api_key": [
        {
          "current_key": "AIzaSyDAdZY_D4jK7wSHVZ_EDqRuS1w-SHkcd7M"
        }
      ],
      "services": {
        "appinvite_service": {
          "other_platform_oauth_client": []
        }
      }
    }
  ],
  "configuration_version": "1"
}